ID,query
0,Finlandia
1,Impresora
2,Viernes
3,Rey (ajedrez)
4,Fibra textil
5,República Checa
6,Comunicación inalámbrica
7,Cementerio del Père Lachaise
8,Cápsula del tiempo
9,Ovni
10,Accidente de Chernóbil
11,Ceres (planeta enano)
12,Moscú
13,Nueva Zelanda
14,Hierro
15,Cloro
16,Ajedrez
17,Manganeso
18,San Cristóbal y Nieves
19,Arabia Saudita
20,Selenio
21,Narcótico
22,Corazón
23,Jansenismo
24,Praseodimio
25,Georgia (Estados Unidos)
26,Mar del Norte
27,Gordiano I
28,República de Carelia
29,Sexo oral
30,Ácido clorhídrico
31,Óblast de Tula
32,Ío (satélite)
33,Titania (satélite)
34,Óblast de Rostov
35,Java (isla)
36,Tenis de mesa
37,36 a. C.
38,Amoníaco
39,Emirato de Fuyaira
40,33 a. C.
41,Batalla de la Montaña Blanca
42,Borsch
43,Júpiter (mitología)
44,Dólar estadounidense
45,Krai de Stávropol
46,Eduardo II de Inglaterra
47,República de Kabardia-Balkaria
48,Memoria de acceso aleatorio
49,República de Mordovia
50,Yoshkar-Olá
51,Mar Caspio
52,Andalucía
53,Islas Mentawai
54,Lodi (Italia)
55,Caronte (satélite)
56,Blagovéshchensk
57,Siglo XVIII
58,Genoma
59,Biología celular
60,Dinastía Han
61,Socialismo
62,Alemania nazi
63,Culicidae
64,Ovis orientalis aries
65,Voz humana
66,Proyecto GNU
67,Alejo I de Rusia
68,Esqueleto
69,Idioma rumano
70,Olimpiada Internacional de Matemática
71,Desastre natural
72,Aminoácido
73,Siglo IV
74,Atmósfera
75,Capital (economía)
76,Poema de Gilgamesh
77,Violonchelo
78,Felipe V de Francia
79,Real Club Celta de Vigo
80,Real Club Deportivo Español
81,Pegaso (constelación)
82,Patrimonio de la Humanidad
83,Idioma turcomano
84,Delphinus (constelación)
85,Idioma gallego
86,Dusambé
87,Hígado
88,Sufismo
89,Islas Malvinas
90,Suetonio
91,Geriatría
92,Eridanus
93,Osa Menor
94,Tauro (constelación)
95,Lupus (constelación)
96,Juguete sexual
97,Tornillo
98,Siglo XXII
99,Región H II
100,Glúcido
101,Rock alternativo
102,Arte marcial
103,Interacción débil
104,Acero
105,Fisión nuclear
106,Número complejo
107,Dinastía Lodi
108,Esgrima
109,Infecciones de transmisión sexual
110,Gironda
111,Edad Media
112,Móvil perpetuo
113,Golfo de México
114,Comenio
115,Pólvora
116,Amberes
117,Leopoldo I de Bélgica
118,Helado
119,Mesoamérica
120,Saboya
121,Darwin (sistema operativo)
122,Vladimiro I de Kiev
123,Catalina I de Rusia
124,Esquisto
125,Crésida (satélite)
126,Puck (satélite)
127,Provincia de Brindisi
128,Provincia de Cosenza
129,Provincia de Forlì-Cesena
130,Provincia de Lecco
131,Provincia de Sácer
132,Provincia de Siena
133,Hueso esfenoides
134,Mandíbula
135,Circunferencia
136,Matrioshka
137,Aeropuerto Internacional Kingsford Smith
138,Mayoría de edad
139,Cloaca (zoología)
140,Pseudoscorpionida
141,Alcalino
142,Metal de transición
143,Balancín (ocio)
144,Juan Carlos I de España
145,Pascua
146,Ciencias de la computación
147,Antisemitismo
148,Concreto
149,Equilibrio de Nash
150,Protestantismo
151,Poder (social y político)
152,Presidente de Alemania
153,Petroselinum crispum
154,Lenguas frisonas
155,Crustacea
156,Pyrrhula pyrrhula
157,Carduelis carduelis
158,345 a. C.
159,Alauda arvensis
160,Dendrocopos major
161,El viejo y el mar
162,Sonda espacial
163,Gavia stellata
164,Cardenal Richelieu
165,Baño turco
166,Lipoproteína
167,Permeabilidad magnética
168,Tringa stagnatilis
169,Nucleótido
170,Flavín adenín dinucleótido
171,Calendario musulmán
172,Aeropuerto de Bruselas
173,Tercer principio de la termodinámica
174,Idioma avéstico
175,Ensayo clínico
176,Dólar de Hong Kong
177,Obscenidad
178,Gran Canal de China
179,Batalla de Maratón
180,Natación (deporte)
181,Problema de los puentes de Königsberg
182,Idioma friulano
183,Alfabeto hebreo
184,Lenguas caucásicas noroccidentales
185,Lenguas tibetano-birmanas
186,Idioma tuvano
187,Cataratas del Niágara
188,Imperio ruso
189,Chino wu
190,Éufrates
191,Canal de la Mancha
192,Mitología griega
193,Tridimensional
194,Oficina de Correos
195,44 a. C.
196,Antiguo eslavo eclesiástico
197,Poder ejecutivo
198,Ruta de la seda
199,Tales de Mileto
200,Ursus arctos
201,Neolítico
202,Idioma maorí
203,Lenguaje de marcado
204,Andrónico IV Paleólogo
205,Atenea
206,Mar de la China Meridional
207,Consonante
208,Enrique VIII de Inglaterra
209,Cocción
210,Noticia
211,Microeconomía
212,Latón
213,Universidad Kim Il-sung
214,Bebida
215,Troposfera
216,Acre (Brasil)
217,Plaza Roja
218,Asiria
219,48 a. C.
220,70 a. C.
221,Aquila chrysaetos
222,Autopsia
223,60 a. C.
224,Oda a la Alegría
225,Basilio I
226,Constantino VII
227,Tiberio III
228,Romano I
229,Basilio II
230,Miguel V
231,Romano II
232,74 a. C.
233,Distrito federal del Lejano Oriente
234,Demócrito
235,Apocalipsis
236,Arcilla
237,Ricardo I de Inglaterra
238,92 a. C.
239,146 a. C.
240,110 a. C.
241,Bisexualidad
242,Cataratas Victoria
243,Isla Wake
244,Pompeya
245,Hembra
246,Medio ambiente natural
247,Grigori Rasputín
248,206 a. C.
249,Ontología
250,Matriz (matemáticas)
251,Leyenda
252,Ideal (teoría de anillos)
253,241 a. C.
254,Calendario hebreo
255,148 a. C.
256,189 a. C.
257,152 a. C.
258,Cemento
259,237 a. C.
260,239 a. C.
261,229 a. C.
262,184 a. C.
263,197 a. C.
264,Flecha
265,191 a. C.
266,Guerra franco-prusiana
267,Parque nacional
268,Premio Pulitzer
269,165 a. C.
270,Islas del Príncipe Eduardo
271,Activo (contabilidad)
272,Harry Potter y el cáliz de fuego
273,154 a. C.
274,170 a. C.
275,111 a. C.
276,Dogma central de la biología molecular
277,Protocolo de Kioto
278,Arpa
279,Historia económica
280,158 a. C.
281,Brassica oleracea var. italica
282,Asociación (derecho)
283,Gnosticismo
284,Desambiguación lingüística
285,Charles Ghankay Taylor
286,Braga (prenda de vestir)
287,León X
288,Arzobispo
289,Monstruo del lago Ness
290,Gran Ducado de Lituania
291,Enfermedad de Creutzfeldt-Jakob
292,Año litúrgico
293,Geografía física
294,Proyecto Mercury
295,Arancel
296,Óscar II de Suecia
297,Casimiro II el Justo
298,Configuración electrónica
299,Voivodato de Mazovia
300,Voivodato de Gran Polonia
301,Voivodato de Pomerania Occidental
302,Condado de Belknap
303,Cornelio
304,Lenguaje de máquina
305,Berlín Este
306,Hermanos Coen
307,Adriano VI
308,Segismundo de Luxemburgo
309,Federico Guillermo IV de Prusia
310,Mensajería instantánea
311,Crítica literaria
312,Veracruz de Ignacio de la Llave
313,Bandera de Dinamarca
314,Río Ottawa
315,Coordenadas polares
316,Cámara digital
317,Electrólisis
318,Devónico
319,Cuarta República Francesa
320,Hildegarda de Bingen
321,Primer Imperio francés
322,324 a. C.
323,Ciclo termodinámico
324,340 a. C.
325,312 a. C.
326,El Silmarillion
327,228 a. C.
328,Separación de poderes
329,294 a. C.
330,214 a. C.
331,328 a. C.
332,479 a. C.
333,Circuito integrado
334,Metro de Pionyang
335,278 a. C.
336,390 a. C.
337,Arcángel Gabriel
338,Clodoveo I
339,Movimiento de Países No Alineados
340,Crucigrama
341,Galilea
342,376 a. C.
343,Electronvoltio
344,Empirismo
345,475 a. C.
346,Gema
347,Selección de fútbol de Brasil
348,Alfredo el Grande
349,Dinastía Hohenzollern
350,Turcos
351,Maximiliano I de México
352,Manuscrito
353,Personaje
354,Copa Mundial de Fútbol de 1998
355,Fluorita
356,Resorte
357,Artículo (gramática)
358,Macedonia (región)
359,Partícula alfa
360,Partícula beta
361,Asbesto
362,Grupo hidroxilo
363,Riesgo
364,Independence Day
365,Evangelios sinópticos
366,Grupo del nitrógeno
367,Carbonoideos
368,Elementos transuránicos
369,Eosinófilo
370,Especulación (economía)
371,Speed (película)
372,Proposición
373,Estratosfera
374,Provincia de Hamgyŏng del Sur
375,Captura electrónica
376,Número bariónico
377,El flautista de Hamelín
378,IV milenio a. C.
379,Hidroavión
380,V milenio a. C.
381,Fulguración solar
382,Procyon lotor
383,Pío VII
384,Urbano I
385,Guillermo III de los Países Bajos
386,Bólido de Tunguska
387,Espacio vectorial
388,Lago de Van
389,Prefectura de Yamaguchi
390,Tinta
391,Planeta terrestre
392,Nómada
393,Tierras Australes y Antárticas Francesas
394,Tipo 89 I-Go
395,Eduardo III de Inglaterra
396,Juan I de Inglaterra
397,Filipo II de Macedonia
398,Dinastía Hohenstaufen
399,Janucá
400,Península de Yucatán
401,Anestesia
402,Serie de Taylor
403,Dniéster
404,Editor de texto
405,Tangente (geometría)
406,Prefectura de Gifu
407,Prefectura de Shiga
408,Salchicha
409,Generador eléctrico
410,Ariane
411,Refugiado
412,Acrópolis
413,Máximo común divisor
414,Copa Mundial de Fútbol de 1958
415,Asesinato
416,Buscando a Nemo
417,Bandera de Croacia
418,Dinastía carolingia
419,Carlos IX de Francia
420,Flavio Josefo
421,Lago Baljash
422,Bandera de Bután
423,Plataforma continental
424,Premio Albert Lasker por Investigación Médica Clínica
425,Alevís
426,Dominio japonés de Taiwán
427,Icono (informática)
428,Oliver (película)
429,Esmalte dental
430,Histeria
431,Llanura del Norte de China
432,Mantequilla de cacahuete
433,Tiza
434,Henoteísmo
435,Carlos VI del Sacro Imperio Romano Germánico
436,Anton van Dyck
437,Frankenstein o el moderno Prometeo
438,Federico III de Habsburgo
439,Paz de Westfalia
440,Francisco I del Sacro Imperio Romano Germánico
441,Rusia Unida
442,Enrique V del Sacro Imperio Romano Germánico
443,Alejandra Fiódorovna Románova
444,Islas Marianas
445,Concilio de Constanza
446,Telegrama Zimmermann
447,Anunciación
448,Francis Bacon (pintor)
449,Cristián II de Dinamarca
450,Archipiélago Bismarck
451,Confederación del Rin
452,Guerra de Laponia
453,Robert Brown
454,Mentha × piperita
455,Matusalén
456,Yuri Luzhkov
457,Luis II de Hungría
458,Temis (mitología)
459,Mar de Filipinas
460,Central de generación eléctrica
461,Compañía Neerlandesa de las Indias Orientales
462,Gemelo (biología)
463,Pío III
464,Paja
465,Caída de Constantinopla
466,Provincia del Estado Libre
467,Cristalografía
468,Ardea purpurea
469,Océano (mitología)
470,Butadieno
471,Andrómeda (mitología)
472,Esteban (mártir)
473,Curva
474,Derecho romano
475,Visión
476,Pegaso
477,Sármatas
478,Plátano de sombra
479,Drusos
480,Aleksandr Borodín
481,Tres Reinos de Corea
482,Lenguaje ensamblador
483,Polvo
484,Bandera de Chad
485,My belarusy
486,Pecados capitales
487,Cóctel mólotov
488,Marca (registro)
489,Renacuajo
490,Muñeca
491,Neumático
492,Decán
493,Juan II de Francia
494,Convenio de Ramsar
495,Cociente intelectual
496,Benedicto XII
497,Clemente VIII
498,Melodía
499,Acorde
500,Orígenes
501,Principado de Moscú
502,Matemático
503,Interés
504,Reino de Hungría
505,Efecto Compton
506,Néctar (botánica)
507,Escondite
508,Lev (moneda)
509,Acero inoxidable
510,Áyax el Grande
511,Nicho ecológico
512,Constante física
513,Patrón oro
514,Bandera de Mauricio
515,Pintura (material)
516,Mahmut II
517,Autoridad
518,Hecatónquiros
519,Siglo XIII a. C.
520,Segundo principio de la termodinámica
521,Flujo magnético
522,Radio (hueso)
523,Primera guerra sino-japonesa
524,Comercio internacional
525,Enrique I de Francia
526,Amplificador operacional
527,Mustela putorius furo
528,Impedancia
529,Literatura rusa
530,Fenomenología (filosofía)
531,Narciso (mitología)
532,Dinastía de los Capetos
533,Temístocles
534,Falco vespertinus
535,Naftalina
536,Día de π
537,Trece Colonias
538,Reino de las Dos Sicilias
539,Explotación pesquera
540,Ónix
541,Criptozoología
542,Doctrina Monroe
543,Perrito caliente
544,Provincia de Panjshīr
545,Instrumento de viento-madera
546,Civilización micénica
547,Laboratorios Cavendish
548,Ecuación química
549,Principio de Pareto
550,Saduceos
551,Mehmet Alí
552,Pronóstico del tiempo
553,Hieraaetus pennatus
554,Provincia de Jawzjān
555,Caballo árabe
556,Radiotelescopio
557,Burhinus oedicnemus
558,Llanura panónica
559,Curlandia
560,Control remoto
561,Electroforesis
562,Podiceps nigricollis
563,Lácteo
564,Proteles cristata
565,Conjunto numerable
566,Coste de oportunidad
567,Guerra contra el terrorismo
568,Elemento neutro
569,La princesa Mononoke
570,Pula (moneda)
571,Artritis reumatoide
572,Batería recargable
573,Condado de Győr-Moson-Sopron
574,Moda (estadística)
575,Sucesión ecológica
576,Gran hambruna irlandesa
577,Paramagnetismo
578,Marketing multinivel
579,Real Jardín Botánico de Kew
580,Antinflamatorio no esteroideo
581,Democracia representativa
582,División celular
583,Provincia de Kabul
584,Fosgeno
585,Oficial (fuerzas armadas)
586,Grupo del boro
587,Iván Goncharov
588,Afta
589,Letra de cambio
590,Conversión analógica-digital
591,Tierras raras
592,Desigualdad de Cauchy-Bunyakovsky-Schwarz
593,Ponto (mitología)
594,Emblema nacional de Bangladés
595,Seven
596,Bufanda
597,Juego del 15
598,Gregorio de Nisa
599,El conde de Montecristo
600,Ectopistes migratorius
601,Đồng vietnamita
602,Lenguaje formal
603,Base de datos relacional
604,Red neuronal artificial
605,Estrecho de la Sonda
606,Visarión Belinski
607,Regeneración (biología)
608,Círculos en los cultivos
609,Turbina de gas
610,Historia de Polonia
611,Antioquía del Orontes
612,Calendario romano
613,Orión (mitología)
614,Criptografía asimétrica
615,Zona económica exclusiva
616,Dieta de Japón
617,Primera guerra judeo-romana
618,Checa
619,Operador laplaciano
620,Eretmochelys imbricata
621,Dorios
622,Antena (artrópodos)
623,Cloruro de cinc
624,Lira italiana
625,Kurdistán iraquí
626,Música del mundo
627,Cámara de gas
628,Tensión mecánica
629,Aromaterapia
630,ADN polimerasa
631,Universidad de Zúrich
632,Imperio de Ghana
633,Esclerosis lateral amiotrófica
634,Cortocircuito
635,Personificación
636,Tabla hash
637,Lámpara fluorescente compacta
638,Sitio de Viena
639,Industria química
640,Ácido oleico
641,Yevgueni Káfelnikov
642,Ley de los grandes números
643,Gastronomía de México
644,Xileno
645,Reino de Grecia
646,Sensor de imagen
647,Mary Poppins (película)
648,Anser brachyrhynchus
649,Milcíades el Joven
650,Sinfonía n.º 2 (Beethoven)
651,Fútbol playa
652,Asedio de Port Arthur
653,Lógica modal
654,Gameto
655,Las muy ricas horas del Duque de Berry
656,Lenguaje de alto nivel
657,Siglo XXX a. C.
658,Libro de Baruc
659,Base (baloncesto)
660,Golfo de Tonkín
661,Achatamiento
662,Spaghetti western
663,Electrodoméstico
664,21 gramos
665,Esquema de pirámide
666,Curva de Bézier
667,Autoestop
668,Programa Gemini
669,Gran incendio de Roma
670,Aeróbic
671,Gobernación del Monte Líbano
672,Neotrópico
673,Años oscuros
674,Vesícula seminal
675,Misa (música)
676,Eudyptes chrysolophus
677,Queso cheddar
678,Eritropoyetina
679,Declaración de Derechos de 1689
680,Escuelas budistas
681,Testudines
682,Guerra del Fútbol
683,Estudio en escarlata
684,Copo de nieve de Koch
685,351 a. C.
686,Inocencio VII
687,371 a. C.
688,391 a. C.
689,Harlem (desambiguación)
690,Bahía de San Francisco
691,418 a. C.
692,Buteo rufinus
693,Adulterio
694,443 a. C.
695,Fruta seca
696,Caja registradora
697,Departamento de Chuquisaca
698,Arquitectura del Renacimiento
699,495 a. C.
700,5-fluorouracilo
701,Provincia de Lampang
702,Cálculo lambda
703,Willebrord Snel van Royen
704,Provincia de Chumphon
705,Arquitectura moderna
706,Copa Mundial de Fútbol Sub-17
707,Antes que anochezca
708,Salamish
709,Milla
710,Judeocristianos
711,Croma
712,Pitta iris
713,Vega (cohete)
714,Príncipe Shōtoku
715,Escándalo en Bohemia
716,Sinfonía n.º 8 (Beethoven)
717,Andrés II de Hungría
718,Inflación cósmica
719,Irán-Contra
720,Hrolf Ganger
721,Palacio de Dolmabahçe
722,Infalibilidad papal
723,Estilo espalda
724,Provincia de Chaiyaphum
725,Heterocephalus glaber
726,Decimal codificado en binario
727,La menor
728,Estrógeno
729,Test de primalidad AKS
730,Luis García Sanz
731,Yákov Sverdlov
732,Agregado militar
733,Músculo orbicular de la boca
734,Grutas de Yungang
735,Do menor
736,Césped artificial
737,Amadeo VIII de Saboya
738,Iván Asen II
739,Claude-Louis Henri Navier
740,Relación entre ciencia y religión
741,John Alexander Reina Newlands
742,Farmacognosia
743,República de Taiwán (1895)
744,Ceryle rudis
745,Aix sponsa
746,Mecánica lagrangiana
747,Las aventuras de Tom Sawyer
748,Provincia de Nong Khai
749,División de Daca
750,Recibo
751,Música absoluta
752,Dinastía macedónica
753,Sentido común
754,Ley de la inversa del cuadrado
755,Declaración de guerra
756,Tecnología de baja detectabilidad
757,Marcapasos
758,Radio Internacional de China
759,Casuarius casuarius
760,Flavín mononucleótido
761,Reconocimiento de patrones
762,Organización del Tratado Central
763,Carbonato de potasio
764,Provincia de Sakon Nakhon
765,Desarrollo web
766,Efecto Aharonov-Bohm
767,Hemocianina
768,Óxido de nitrógeno (III)
769,Borohidruro de sodio
770,Dimetilsulfóxido
771,Creatina quinasa
772,Cloropreno
773,Peróxido de litio
774,Carburo de silicio
775,Ácido linolénico
776,Chisporroteo
777,Ácido mirístico
778,Ácido propanoico
779,Actuador
780,Control (tecla)
781,Energía de Fermi
782,Descomposición en fracciones simples
783,Ichijō Tennō
784,Síndrome de descompresión
785,Toshio Masuda (compositor)
786,Capitán Planeta y los planetarios
787,Especialista de cine
788,Novela epistolar
789,Plasticidad (mecánica de sólidos)
790,Programa Memoria del Mundo
791,Purismo vanguardista
792,Clase Essex
793,París Saint-Germain Football Club
794,Unidad de masa atómica
795,Artista
796,Budas de Bāmiyān
797,Turcomanos
798,Volumen molar
799,Universidad de Fudan
800,Región turística de Kŭmgangsan
801,Mizrají
802,Batalla del Mar de Filipinas
803,Isla de Gough
804,Oscilación de neutrinos
805,República Partenopea
806,Claqueta
807,Junco hyemalis
808,Nudo (lazo)
809,Trastorno de ansiedad
810,Médula ósea
811,Accesibilidad
812,Partido Libertario (Estados Unidos)
813,Plataforma (aviación)
814,Antiamericanismo
815,Kafka en la orilla
816,Reino de Patani
817,Eduardo VIII del Reino Unido
818,Retículo (matemáticas)
819,Katoli
820,Modelo de capas nuclear
821,Conidio
822,Lenguas judías
823,Tabla de cortar
824,Conversión de unidades
825,Glicina
826,Agrandamiento del pene
827,Monte Lu
828,Provincia de Nampula
829,Provincia de Sofala
830,Provincia de Zambezia
831,Análisis de grupos
832,Problema de las ocho reinas
833,NP (clase de complejidad)
834,Líquido preseminal
835,Teen Titans (serie de animación)
836,Síndrome de Münchhausen
837,Fanariotas
838,Centro galáctico
839,Creencia en la Tierra hueca
840,Benincasa hispida
841,Museo Nacional de Tokio
842,Estadio Azadi
843,Federación de Rodesia y Nyasalandia
844,Trauma psíquico
845,Gastronomía de Turquía
846,Los viajes de Marco Polo
847,Sustitución nucleófila
848,Clase Los Ángeles
849,Quinetoscopio
850,Cromatografía de gases
851,Idealismo alemán
852,Iglesia episcopal en los Estados Unidos
853,Formato de archivo de audio
854,Hemorragia subaracnoidea
855,Merry Christmas Mr. Lawrence
856,Elecciones presidenciales de Estados Unidos de 1992
857,Kazoku Robinson hyōryūki fushigina shima no furōne
858,Director artístico
859,Clase Bismarck
860,Artículo 9 de la Constitución de Japón
861,Almidón de papa
862,Coturnix japonica
863,La bemol mayor
864,Geta (calzado)
865,Liofilización
866,Marinado
867,Tuluníes
868,Naimano
869,Sociedad de negocios
870,Activo circulante
871,Aeropuerto Internacional Tullamarine
872,Parque Jingshan
873,Secretario de Defensa de los Estados Unidos
874,Forma cuadrática
875,Parque nacional de Shiretoko
876,Isometría
877,Ecuación de Clausius-Clapeyron
878,Tercer riel (alimentación)
879,Factor de potencia
880,Regla de las fases de Gibbs
881,Espacio dual
882,Redlands (California)
883,Trabajo escolar
884,Glaciación Würm (Edad de Hielo)
885,Región indomalaya
886,Memoria compartida
887,Prefectura autónoma tibetana de Dêqên
888,Convención de Basilea
889,Jasón y los argonautas
890,Bagatela
891,Si bemol mayor
892,B (lenguaje de programación)
893,Ciudad-mezquita de Bagerhat
894,Islas Balleny
895,Sondeo a boca de urna
896,Neoconfucianismo
897,Carne de perro
898,Golpe de ariete
899,Nación más favorecida
900,Guerra de Jugurta
901,Mimus polyglottos
902,Factor de calidad
903,Unidad internacional
904,Jubileo
905,Estatuto de Roma
906,Efecto halo
907,Magnetostricción
908,Partido Nacional Democrático (Egipto)
909,Dispersión de Rutherford
910,Cristiandad occidental
911,La pantera rosa (película de 2006)
912,Cuadrivector
913,Región del Litoral (Camerún)
914,Prometeo encadenado
915,Guerras Indias
916,Campeonato Mundial de Motociclismo
917,Matriz permutación
918,Región de Dakar
919,Carta de Derechos de los Estados Unidos
920,El valle del terror
921,Tratado desigual
922,Mod (videojuegos)
923,Presidente de Botsuana
924,Primer ministro de Singapur
925,Peinado ondulado
926,Reino de Laos
927,Plastimación
928,Pantufla
929,Examen de sangre
930,Isoelectroenfoque
931,Grupo puntual
932,Fijación de carbono
933,John Kerr (físico)
934,Páginas amarillas
935,Fantasía (película)
936,Principio de relatividad
937,Pato rengo (política)
938,Isla Rota
939,Valle de Katmandú
940,Caja negra (transporte)
941,Blindaje reactivo
942,Aeropuerto de Sendai
943,Do bemol mayor
944,Batalla de Guandu
945,Religiosidad popular
946,Mitología celta
947,Batalla de Alcazarquivir
948,Puertas de ala de gaviota
949,Junta de estanqueidad
950,Punto cuántico
951,Picado de bielas
952,Onda cuadrada
953,Teoría de la selección r/K
954,Sistema de lanzamiento vertical
955,Nefropatía por IgA
956,Teorema del número poligonal de Fermat
957,Motor lineal
958,Universidad de Nagoya
959,Ra (mitología)
960,Cristianismo celta
961,Crianza de los hijos
962,Análisis financiero
963,Puntero láser
964,Caja de música
965,Protobionte
966,Agencia de Seguridad Nuclear e Industrial
967,Caja TATA
968,Quiscalus quiscula
969,Lino textil
970,Compañía Aeronáutica Nakajima
971,Grupo de galaxias
972,Videojuego de rol táctico
973,Sistema de producción Toyota
974,Arma de fuego corta
975,Míriam (hermana de Moisés y Aarón)
976,Jackson (California)
977,Imperio parto
978,Tipo 61
979,Barco de pasajeros
980,Globalismo
981,Gestión de memoria
982,Vaguada (meteorología)
983,Rol de género
984,Leche condensada
985,Diagrama de Hertzsprung-Russell
986,Psicoactivo
987,Mentira
988,Alojamiento web
989,Úlcera
990,Producto sanitario
991,Caucasoide
992,Servicio (economía)
993,Enfermedad autoinmune
994,Mito
995,Despacho de farmacia
996,Hipótesis nebular
997,Mascota (símbolo)
998,Desigualdad matemática
999,Calidris pugnax
1000,Antártida
1001,Caballo (ajedrez)
1002,Estado de São Paulo
1003,Macedonia del Norte
1004,Georgia
1005,Pornografía
1006,Historia
1007,Cielo
1008,Sistema solar
1009,Altavoz
1010,Timor Oriental
1011,Oxígeno
1012,Música
1013,Islas Salomón
1014,Cuento de hadas
1015,Gengis Kan
1016,Santa Lucía
1017,Andréi Tarkovski
1018,Bromo
1019,Ufá
1020,República Centroafricana
1021,Polo norte
1022,República de Tuvá
1023,Fiódor Dostoyevski
1024,Ástato
1025,Marruecos
1026,Provincia de Flandes Oriental
1027,Otoño
1028,Nueva York (estado)
1029,Tabaco
1030,Ereván
1031,Séneca
1032,Distrito autónomo de Nenetsia
1033,Óblast de Nizhni Nóvgorod
1034,Benceno
1035,Aprendizaje automático
1036,Guillermo II de Alemania
1037,Hermanos Grimm
1038,Submarino
1039,Catedral
1040,Catedral de Notre Dame (París)
1041,Rojo
1042,Río Níger
1043,Foco (geometría)
1044,Grupo Local
1045,Villa (población)
1046,39 a. C.
1047,15 a. C.
1048,Autobiografía
1049,Unidad de disco óptico
1050,Islas Feroe
1051,Grus grus
1052,Arroz
1053,Rafael Sanzio
1054,Idioma tamil
1055,República de Sajá
1056,Mayo de 1968 en Francia
1057,Siglo XVII
1058,Siglo XV
1059,Siglo XII
1060,Hedonismo
1061,Aleksandr Pushkin
1062,Toxicología
1063,Feminismo
1064,Ideología
1065,Kilimanjaro
1066,Pueblo judío
1067,Luis XVIII de Francia
1068,Ducha
1069,Fonema
1070,Alfabeto árabe
1071,Alfabeto griego
1072,Literatura
1073,Sueño en el pabellón rojo
1074,Ilíada
1075,Clip
1076,Ciro II el Grande
1077,Timur Kan
1078,Revolución rusa
1079,Euskera
1080,Virgo (constelación)
1081,Valence (Francia)
1082,Escorpio (constelación)
1083,Idioma esloveno
1084,Correo electrónico
1085,Estatua de la Libertad
1086,Crater (constelación)
1087,Idioma galés
1088,Sistema nervioso
1089,Epistemología
1090,Confucianismo
1091,Útero
1092,Aeropuerto de Berlín-Tegel
1093,Música clásica
1094,Congreso Nacional Indio
1095,Gerontología
1096,Lepus (constelación)
1097,Hércules (constelación)
1098,Uva
1099,Ingeniería
1100,Tratado de la Unión Europea
1101,Calendario juliano
1102,El Pentágono
1103,Coche bomba
1104,Sal común
1105,Aeronave
1106,Radiactividad
1107,Vidrio
1108,Teorema de Pitágoras
1109,Demostración en matemática
1110,Raúl González Blanco
1111,Componente electrónico
1112,Edad del Bronce
1113,Edad del Hierro
1114,Beck (músico)
1115,Pinus
1116,Odontología
1117,Arco (arquitectura)
1118,Pirineos
1119,Teoría de números
1120,Gastronomía de Rusia
1121,Guerra hispano-estadounidense
1122,Mira (estrella)
1123,Latina (Italia)
1124,Ragusa (Sicilia)
1125,Contenido libre
1126,Fecha juliana
1127,Dominio de nivel superior
1128,Catálogo Messier
1129,Provincia de Cuneo
1130,Provincia de Biella
1131,Desdémona (satélite)
1132,Belinda (satélite)
1133,Provincia de Novara
1134,Provincia de Potenza
1135,Escápula
1136,Bandera de Rusia
1137,Calificación escolar
1138,Ácido acetilsalicílico
1139,Bordado
1140,Modelo estándar de la física de partículas
1141,Metáfora
1142,Charadrius alexandrinus
1143,Aeropuerto de Roma-Fiumicino
1144,Tinamidae
1145,Lenguas romances
1146,Uria aalge
1147,Pueblos germánicos
1148,Psicología humanista
1149,Psicología cognitiva
1150,Allium sativum
1151,Termo
1152,Palestina (región)
1153,Número atómico
1154,Juan XXIII
1155,Ártico
1156,Anas platyrhynchos
1157,Resistencia eléctrica
1158,Obra de teatro
1159,Corvus frugilegus
1160,Siglo X a. C.
1161,Chroicocephalus ridibundus
1162,Aleksandr Glazunov
1163,Haematopus ostralegus
1164,Scolopax rusticola
1165,Charadrius hiaticula
1166,Islas Cook
1167,Larus hyperboreus
1168,Thalasseus sandvicensis
1169,Cultura maya
1170,Partido Republicano (Estados Unidos)
1171,Reino de los Países Bajos
1172,Programación orientada a aspectos
1173,Nuestra Señora de Guadalupe (México)
1174,Serguéi Shoigú
1175,Ceres (mitología)
1176,Universidad de Taiwán
1177,Explosión cámbrica
1178,Idioma filipino
1179,Idioma ingusetio
1180,Idioma calmuco
1181,Idioma livonio
1182,Lenguas tai-kadai
1183,Teología
1184,La ventana indiscreta
1185,Disco compacto
1186,Adjetivo
1187,Rayos X
1188,Colina Capitolina
1189,Islas Georgias del Sur y Sándwich del Sur
1190,Proverbio
1191,Mar de Mármara
1192,Premio Nobel de la Paz
1193,259 a. C.
1194,Libro Rojo de Mao
1195,Putsch de Múnich
1196,Península del Sinaí
1197,Regiones de Francia
1198,Abd al-Málik
1199,Cuadrilátero
1200,Chino clásico
1201,Recta
1202,Federico Guillermo III de Prusia
1203,Granizo
1204,Guerra del Golfo
1205,Mercado
1206,Premio Nobel de Literatura
1207,Sello postal
1208,4 a. C.
1209,8 a. C.
1210,Perro policía
1211,Gasolina
1212,Mitocondria
1213,Ali Ibn Abi Tálib
1214,Evangelio de Lucas
1215,Playa
1216,Palanca
1217,Nueva Guinea
1218,Abogado
1219,Lot (bíblico)
1220,Heráclito
1221,Organización territorial de Corea del Sur
1222,88 a. C.
1223,54 a. C.
1224,Tribunal de justicia
1225,Juan I Tzimisces
1226,León VI el Sabio
1227,Constantino X Ducas
1228,Constantino VIII
1229,Andrónico I Comneno
1230,76 a. C.
1231,Distrito federal de Siberia
1232,Río Mosa
1233,Ácido cis-butenodioico
1234,Partido Federalista
1235,Vándalos
1236,101 a. C.
1237,Domingo de Ramos
1238,78 a. C.
1239,Idioma anglosajón
1240,66 a. C.
1241,Escándalo Watergate
1242,201 a. C.
1243,Guerra de Troya
1244,Pared
1245,Animismo
1246,Hemoglobina
1247,Neurona
1248,Rubí
1249,Río Zambeze
1250,Bandera de Japón
1251,Momia
1252,Federación
1253,Benjamín Netanyahu
1254,Pío X
1255,León I el Magno
1256,Masculino
1257,104 a. C.
1258,Bashar al-Ásad
1259,Teocracia
1260,Ayuno
1261,Prefectura de Tochigi
1262,233 a. C.
1263,232 a. C.
1264,151 a. C.
1265,Orgánulo
1266,174 a. C.
1267,Programa Apolo
1268,132 a. C.
1269,280 a. C.
1270,Corte Penal Internacional
1271,Mar de Noruega
1272,Éfeso
1273,295 a. C.
1274,Arquitectura del paisaje
1275,Estrecho de Malaca
1276,Estrecho de Magallanes
1277,Ave de presa
1278,Máquina de coser
1279,Stockton (California)
1280,Bakersfield (California)
1281,Armas de destrucción masiva
1282,Estrella binaria
1283,Ecuación algebraica
1284,Número compuesto
1285,La diligencia
1286,Universidad Técnica de Berlín
1287,Gustavo V de Suecia
1288,Juan III Sobieski
1289,Vladislao I de Polonia
1290,Segismundo I Jagellón el Viejo
1291,Voivodato de Pequeña Polonia
1292,Condado de Providence
1293,Transbordador espacial Columbia
1294,Reunificación alemana
1295,Mohamed bin Rashid Al Maktum
1296,Teófilo (emperador)
1297,Andrógeno
1298,Pierre-Augustin de Beaumarchais
1299,Potala
1300,Refracción
1301,217 a. C.
1302,321 a. C.
1303,Guerras médicas
1304,Paleoceno
1305,Plioceno
1306,427 a. C.
1307,332 a. C.
1308,Materia oscura
1309,470 a. C.
1310,284 a. C.
1311,Dmitri Shostakóvich
1312,339 a. C.
1313,358 a. C.
1314,Adenosín trifosfato
1315,Felipe de Edimburgo
1316,Adulto
1317,Gas mostaza
1318,268 a. C.
1319,Levante mediterráneo
1320,Clavecín
1321,Categoría gramatical
1322,450 a. C.
1323,262 a. C.
1324,Bandera de Noruega
1325,Centauro
1326,367 a. C.
1327,Normandos
1328,Halterofilia
1329,Festividades judías
1330,Paulo IV
1331,Trifolium
1332,Copa Mundial de Fútbol de 1994
1333,Grand Slam (tenis)
1334,Número de registro CAS
1335,Compañía (fuerzas armadas)
1336,Fracción del Ejército Rojo
1337,Bandera de Liechtenstein
1338,Síndrome respiratorio agudo grave
1339,Odoacro
1340,Guerra mundial
1341,Compás (instrumento)
1342,Iglesia Adventista del Séptimo Día
1343,Federico Guillermo I de Prusia
1344,Farmacéutico
1345,Casa de Lancaster
1346,The Bourne Identity
1347,Electrón de valencia
1348,Leonid Kantoróvich
1349,Monte Paektu
1350,Rea
1351,The Great Escape
1352,Punto crítico (termodinámica)
1353,Ortodoncia
1354,Freaky Friday (película de 2003)
1355,Clonación
1356,Socialdemocracia
1357,Marejada ciclónica
1358,Jakob Bernoulli
1359,William Thomson
1360,Alfabeto manchú
1361,Triplete (deportes)
1362,Carassius auratus
1363,Fusil
1364,Convenio de Bonn
1365,Templo del Cielo
1366,Lago Alberto (África)
1367,Cambio climático
1368,Magnitud adimensional
1369,Vómito
1370,Incesto
1371,Totalitarismo
1372,Jerjes I
1373,Corriente marina
1374,Isabel I de Rusia
1375,Pacto Ribbentrop-Mólotov
1376,Bandera de Rumania
1377,Atlas (mitología)
1378,Harún al-Rashid
1379,Polibio
1380,Islas Heard y McDonald
1381,Bandera de Vietnam
1382,Futurismo
1383,Palacio de Schönbrunn
1384,Lucha libre profesional
1385,Epístola de Judas
1386,Corona islandesa
1387,Agricultor
1388,Evangelio de Tomás
1389,Copa Mundial de Fútbol de 1938
1390,Anatoli Kárpov
1391,Toalla
1392,Hidróxido de potasio
1393,Micenas
1394,Bubulcus ibis
1395,Trigonella foenum-graecum
1396,Era de los Descubrimientos
1397,Daltonismo
1398,Copa Mundial de Fútbol de 1966
1399,Luis VII de Francia
1400,Nicolás V
1401,Muro de las Lamentaciones
1402,Ácido fumárico
1403,Eusebio de Cesarea
1404,Polietileno
1405,Placa dental
1406,Coscoroba coscoroba
1407,Palacio Apostólico
1408,Disolvente
1409,Edipo rey
1410,Otakar II de Bohemia
1411,Fernando III de Habsburgo
1412,Fernando I del Sacro Imperio Romano Germánico
1413,Decano (química)
1414,Batalla de Leipzig
1415,Abdulaziz bin Saúd
1416,Universidad de Heidelberg
1417,Conflicto israelí-palestino
1418,Federico I de Prusia
1419,Mstislav Rostropóvich
1420,Universidad Humboldt de Berlín
1421,Monticola solitarius
1422,Federico Guillermo II de Prusia
1423,Francia Oriental
1424,Pacto Tripartito
1425,Alekséi Nikoláyevich Románov
1426,Sitio de Sebastopol (1941-1942)
1427,Beda
1428,Versión (música)
1429,Copa FIFA Confederaciones 2005
1430,Reloj de cuco
1431,Medicago sativa
1432,Ecumenismo
1433,Yiyongjun Jinxingqu
1434,Condado de Sussex (Delaware)
1435,Marco de la República Democrática Alemana
1436,Museo de Pérgamo
1437,Alfredo de Sajonia-Coburgo-Gotha
1438,Álgebra abstracta
1439,Arturo de Connaught (1850-1942)
1440,Bandera de Ghana
1441,Juego de rol
1442,Alerta temprana y control aerotransportado
1443,Catarismo
1444,Criminología
1445,Síndrome de muerte súbita del lactante
1446,Keops
1447,Mesosfera
1448,Glucólisis
1449,Legión romana
1450,Henrio
1451,Experiencia
1452,Gran Incendio de Londres
1453,La Atalaya (revista)
1454,Bacteriófago
1455,Batalla de Lepanto
1456,Ecuación de Schrödinger
1457,Salto de altura
1458,Ola
1459,Provincia del Noroeste
1460,Software de aplicación
1461,Segmento
1462,Bandera de Macedonia del Norte
1463,Streptopelia turtur
1464,Escalera de mano
1465,Número algebraico
1466,Guante
1467,Óblast de Poltava
1468,Bandera de Malí
1469,Señales de tráfico
1470,Obús autopropulsado M109
1471,Concilio de Calcedonia
1472,Tienda de campaña
1473,Robótica
1474,Corona (tocado)
1475,Locomotora de vapor
1476,Lengua aglutinante
1477,Batalla de Trafalgar
1478,Otus scops
1479,Individualismo
1480,Monte Kenia
1481,Paladar
1482,Antipapa
1483,Electrónica digital
1484,Producto cartesiano
1485,Paréntesis
1486,Glucógeno
1487,Umm al-Qaywayn
1488,Varianza
1489,Transistor de efecto campo
1490,Renderización
1491,Reacción en cadena de la polimerasa
1492,Estereorradián
1493,Organización Mundial de la Propiedad Intelectual
1494,Esteban I de Hungría
1495,Alanos
1496,Cálculo renal
1497,Herencia genética
1498,Gran Lago Salado
1499,Compresor (máquina)
1500,Número de Reynolds
1501,Io (mitología)
1502,Eschrichtius robustus
1503,Hipótesis de Sapir-Whorf
1504,Esquí de fondo
1505,Vitamina B5
1506,Reloj de arena
1507,Síncope
1508,Obús
1509,Kilómetro por hora
1510,Ingeniería mecatrónica
1511,Deconstrucción
1512,Pares craneales
1513,Mar lunar
1514,Muawiya ibn Abi Sufyán
1515,Magnetita
1516,Frecuencia modulada
1517,Pragmática
1518,Mar de Bohai
1519,Ireneo de Lyon
1520,Aptenodytes patagonicus
1521,Copa Intercontinental
1522,Canal de Corinto
1523,Luminaria fluorescente
1524,Fisiocracia
1525,Termoquímica
1526,Demiurgo
1527,Globo aerostático
1528,Pelecanus crispus
1529,Cadena de caracteres
1530,Biocenosis
1531,Radio por Internet
1532,Tornasol
1533,Intervalo (matemática)
1534,Transición de fase
1535,Aleksandr Kolchak
1536,Diseño gráfico
1537,Campo vectorial
1538,Oleg Blojín
1539,Gacha
1540,Geografía económica
1541,Triple salto
1542,Recocido
1543,Branta ruficollis
1544,Turf (hípica)
1545,Etnia tibetana
1546,Bernardo de Claraval
1547,Apartamento
1548,Acuerdos de Bretton Woods
1549,Cinturones de Van Allen
1550,Capilaridad
1551,Ahmed Yasín
1552,Columpio
1553,Sólidos platónicos
1554,Castillo Himeji
1555,Isaías (profeta)
1556,Sharjah
1557,Biblioteca (informática)
1558,Etnocentrismo
1559,Trastornos del ritmo cardíaco
1560,Tableta digitalizadora
1561,Acromegalia
1562,Salud pública
1563,Nervio trigémino
1564,Doom (videojuego de 1993)
1565,Frente (meteorología)
1566,Turbina de vapor
1567,Tinta electrónica
1568,Materialismo histórico
1569,Adenosina
1570,Cojinete
1571,Partido Laborista (Noruega)
1572,Kanato de Siberia
1573,Sistema antibloqueo de ruedas
1574,Modo mayor
1575,Dólar de Singapur
1576,Estado Bolívar
1577,Escala pentatónica
1578,Hela
1579,1500 metros
1580,León II (emperador)
1581,Aleutas
1582,Número ordinal (teoría de conjuntos)
1583,Año fiscal
1584,Galaxia lenticular
1585,Katiusha
1586,Tarjeta postal
1587,Navegación a vela
1588,Dibujo técnico
1589,Orden dórico
1590,Fideo
1591,Academia de Atenas
1592,Movimiento propio
1593,Elementos del grupo 5
1594,Diatomita
1595,Aeropuerto Internacional de Dubái
1596,Conmutación de paquetes
1597,Allium ascalonicum
1598,El Terror
1599,Etilenglicol
1600,Calendario lunisolar
1601,Montes Tatras
1602,Rosacruz
1603,Estrecho de Kara
1604,Honda (arma)
1605,Casa de Saboya
1606,Cinturón de seguridad
1607,Islas de Nueva Siberia
1608,Monarquía romana
1609,Picus canus
1610,Motacilla cinerea
1611,Libro de Judit
1612,Choeropsis liberiensis
1613,Transbordador espacial Enterprise
1614,Gaspard Coriolis
1615,Napier (Nueva Zelanda)
1616,Siglo XXI a. C.
1617,Mitología egipcia
1618,Gulash
1619,Lagopus muta
1620,Hipótesis de Riemann
1621,Revolución por minuto
1622,Tabla de multiplicar
1623,Arrastre (física)
1624,Clúster (informática)
1625,Cuarta Internacional
1626,Canal de Sicilia
1627,Constructivismo (arte)
1628,El último samurái
1629,ER (serie de televisión)
1630,Quetzal (moneda)
1631,Césped
1632,Acrofobia
1633,Programa Saliut
1634,Era común
1635,Lago de Bolsena
1636,Carrusel
1637,Gavia adamsii
1638,Trirreme
1639,Equilibrio hidrostático
1640,Verruga genital
1641,Consonante labiodental
1642,Picoides tridactylus
1643,Dinastía Vasa
1644,Purasangre
1645,Muestreo digital
1646,Marcha
1647,Vuelo 103 de Pan Am
1648,Historia de la alta velocidad ferroviaria
1649,Sueño de movimientos oculares rápidos
1650,Permitividad
1651,Acuerdo Sykes-Picot
1652,Casa de Visconti
1653,Herencia (informática)
1654,Condicionamiento clásico
1655,La montaña mágica
1656,Estequiometría
1657,Misión diplomática
1658,Biología del desarrollo
1659,Espacio prehilbertiano
1660,Crucero de batalla
1661,Carlos Felipe de Suecia
1662,Fibra alimentaria
1663,Orden de la Jarretera
1664,Bebida energizante
1665,Mapa topográfico
1666,Federación de Malí
1667,Gestor de ventanas
1668,Pedagogía Waldorf
1669,Inverso multiplicativo
1670,Ferrimagnetismo
1671,Ataque suicida
1672,Ley de Beer-Lambert
1673,Función meromorfa
1674,Tabla de verdad
1675,Transformación de Galileo
1676,Misionero
1677,Deontología (ética)
1678,Napoleón Eugenio Luis Bonaparte
1679,Multiplexación
1680,Manuscritos de Nag Hammadi
1681,Guerra del Chaco
1682,Creatina
1683,Consonante lateral
1684,Biplano
1685,Sistema multipartidista
1686,Siglo XXXI a. C.
1687,352 a. C.
1688,Curio (unidad)
1689,Falco naumanni
1690,Mijaíl Kalinin
1691,Trabalenguas
1692,Nacionalidad
1693,400 metros vallas
1694,401 a. C.
1695,Berenguela de Castilla
1696,Grus japonensis
1697,422 a. C.
1698,423 a. C.
1699,424 a. C.
1700,Provincia de Chiang Mai
1701,435 a. C.
1702,436 a. C.
1703,442 a. C.
1704,Reflexión interna total
1705,451 a. C.
1706,455 a. C.
1707,465 a. C.
1708,477 a. C.
1709,487 a. C.
1710,Complejo (química)
1711,Literatura española
1712,Batería (artillería)
1713,Anthus cervinus
1714,Iodopovidona
1715,Cinco Dinastías
1716,Misil aire-aire
1717,Sulfuro de carbono
1718,Provincia de Phatthalung
1719,Salto a la cuerda
1720,Claqué
1721,Provincia de Nan
1722,Quiste (biología)
1723,Alicia de Gloucester
1724,Condado de Taitung
1725,Calígula (desambiguación)
1726,Provincia de Nongbua Lamphu
1727,Autosimilitud
1728,Agua carbonatada
1729,Temperatura absoluta
1730,Hipersexualidad
1731,Imamíes
1732,800 metros
1733,Estrecho de Tsugaru
1734,Islas Gilbert
1735,Cementerio de Montparnasse
1736,Esferas de piedra de Costa Rica
1737,Mijaíl Súslov
1738,Al-Arabi SC (Catar)
1739,Historia del anime
1740,Nicodemo
1741,Árbol AVL
1742,Antibiótico betalactámico
1743,Conan el Bárbaro (película de 1982)
1744,Ricardo de York
1745,Fernando I de las Dos Sicilias
1746,Andréi Grechko
1747,Igualdad ante la ley
1748,Lengua fusionante
1749,Presbicia
1750,Dirección postal
1751,Proliferación de algas
1752,Reumatología
1753,Provincia de Chanthaburi
1754,Phylloscopus inornatus
1755,Hejal
1756,Búfer de datos
1757,Cachemira (fibra)
1758,Cordillera del Líbano
1759,Matriz ortogonal
1760,Función de transferencia
1761,Detergente
1762,Ópera de Pekín
1763,Provincia de Ratchaburi
1764,Provincia de Saraburi
1765,Cloruro de vinilo
1766,Rush Hour (desambiguación)
1767,Ácido adípico
1768,Física aplicada
1769,Condado de Clark (Kansas)
1770,País recientemente industrializado
1771,Sumador
1772,Provincia de Sisaket
1773,Provincia de Sukhothai
1774,Teoría de la gran unificación
1775,Coste marginal
1776,Transformación afín
1777,Distrito federal del Noroeste
1778,Derecho de familia
1779,Teorema de los números primos
1780,Ecozona afrotropical
1781,Distribución de Bernoulli
1782,Cruz cristiana
1783,Escuela de Praga
1784,Reino Medang
1785,Ácido sórbico
1786,Ácido oxaloacético
1787,Cianuro de sodio
1788,Aspartato aminotransferasa
1789,Clorocromato de piridinio
1790,Enzima digestiva
1791,Azul de metileno
1792,Actividad (química)
1793,"1,6-hexanodiamina"
1794,República de Tanganica
1795,Apóstrofo
1796,Amasia
1797,Izat Ibrahim al Duri
1798,Abanico aluvial
1799,BMW Serie 3
1800,Extremismo
1801,"Corre, Lola, corre"
1802,Reactor de agua en ebullición
1803,Cine de ciencia ficción
1804,Mecánica de suelos
1805,Maquiavelismo
1806,Tratado de Waitangi
1807,Psicología experimental
1808,Tribunal Penal Internacional para Ruanda
1809,Paleolítico superior
1810,Las Crónicas de Narnia
1811,Etnia coreana
1812,Radio covalente
1813,Austenita
1814,Método justo a tiempo
1815,Qarajánidas
1816,Charada
1817,Sobreaceleración
1818,Fuerzas Armadas de Turquía
1819,Estado del Delta
1820,Frente de Liberación de Mozambique
1821,Dinastía Xin
1822,Célula dendrítica
1823,Cosquillas
1824,Indulto
1825,Pueblo griego
1826,"Christian Dior, S. A."
1827,Procesador multinúcleo
1828,Síndrome de Williams
1829,Rigidez
1830,Antiferromagnetismo
1831,Salón literario
1832,Sistema de coordenadas universal transversal de Mercator
1833,Estación Yoyogi
1834,Cinematografía
1835,Curva de Lissajous
1836,Onda de gravedad
1837,Aythya collaris
1838,Condensador (termodinámica)
1839,Número irracional
1840,Batalla de Peleliu
1841,Gastronomía de Brasil
1842,Barras de control
1843,Prefectura de Hiroshima
1844,Gastronomía de España
1845,Asiento eyectable
1846,Transformada rápida de Fourier
1847,Palabra (informática)
1848,Seguro de vida
1849,Alpes japoneses
1850,Hemoptisis
1851,Oxyura jamaicensis
1852,Líneas de Balmer
1853,Medley (natación)
1854,Giotto (sonda espacial)
1855,Hipótesis del simio acuático
1856,Dinastía Pala
1857,Sensibilidad química múltiple
1858,Captura de movimiento
1859,Bombardero en picado
1860,Parque nacional Purnululu
1861,Re bemol mayor
1862,Twister (película)
1863,Oirates
1864,Ferrocarril del Sur de Manchuria
1865,Batalla de las Salomón Orientales
1866,Prisión de Sugamo
1867,Elecciones presidenciales de Estados Unidos de 1984
1868,Diplomacia de cañonero
1869,Año nuevo japonés
1870,Polígono regular
1871,Phalacrocorax auritus
1872,Taxi (película de 1998)
1873,Problemas del milenio
1874,Panteísmo
1875,Budismo en Japón
1876,Neártico
1877,Resolución óptica
1878,Reformado catalítico
1879,Alfabeto persa
1880,Bomba de vacío
1881,Clases de complejidad P y NP
1882,Radiocomunicación por microondas
1883,Provincia de Luang Prabang
1884,Comunicación entre procesos
1885,Rebelión de los Turbantes Amarillos
1886,Vuelo espacial tripulado
1887,Medicina tradicional
1888,Sol de medianoche
1889,KochiKame
1890,Azophi (cráter)
1891,Isla King (Australia)
1892,Golfo de Honduras
1893,Alteración (música)
1894,Vehículo de ingenieros
1895,Unión Matemática Internacional
1896,Muelle (construcción)
1897,Batimiento
1898,Batalla de los Acantilados Rojos
1899,Exploración física
1900,Gastronomía de Tailandia
1901,Copa de Oro de la Concacaf 1998
1902,Pakistán Oriental
1903,La mala educación
1904,Lenguaje de consulta
1905,Cine catástrofe
1906,Crucero acorazado
1907,Función completa
1908,Corriente de desplazamiento
1909,Reino lombardo
1910,Puerto de red
1911,Billy Martin (béisbol)
1912,Servicio de Inteligencia Extranjera
1913,Silbido
1914,Fuerzas aerotransportadas
1915,Campeonato Mundial de Tenis de Mesa
1916,Nuevo Azerbaiyán
1917,Bombardeo de Shimonoseki
1918,Diagrama de Pourbaix
1919,Espectroscopia de fotoelectrones emitidos por rayos X
1920,Transposición de Claisen
1921,Cinetocoro
1922,Física computacional
1923,Plastificante
1924,Breve (signo diacrítico)
1925,Fa mayor
1926,Cultura Nok
1927,Viento geostrófico
1928,Ecozona
1929,Batalla naval (juego)
1930,Universidad de Tokai
1931,Fórmula (expresión)
1932,Primera guerra ítalo-etíope
1933,Filosofía griega
1934,Do mayor
1935,Músculo esquelético
1936,Halcyon pileata
1937,Misil aire-superficie
1938,Medicina regenerativa
1939,Iglesia congregacional
1940,Ingeniería del valor
1941,Emulador de terminal
1942,Nugget de pollo
1943,Do sostenido mayor
1944,Dólar canadiense
1945,Re mayor
1946,Familia Rockefeller
1947,Si mayor
1948,Museo Nacional Romano
1949,Somalia Sudoccidental
1950,Mapa autoorganizado
1951,Golden Week
1952,Corte Suprema de Justicia de Japón
1953,Meditaciones
1954,Universidad Sofía de Tokio
1955,Modelo de espacio vectorial
1956,Universidad Nacional de Yokohama
1957,Shiki (novela)
1958,Cuatro cuatros
1959,Esponja (utensilio)
1960,Compañía telefónica
1961,Nagato (1920)
1962,El (dios semítico)
1963,Psicología transpersonal
1964,Radio definida por software
1965,Revolución indonesia
1966,Planificación de los requerimientos de material
1967,Escuela historicista alemana de economía
1968,Desarrollo de un nuevo producto
1969,Teoría del conflicto
1970,Consejero de Seguridad Nacional
1971,Bujía de precalentamiento
1972,Día festivo
1973,Territorio Francés de los Afars y de los Issas
1974,Víktor Yanukóvich
1975,Test de tolerancia oral a la glucosa
1976,Juego de guerra
1977,Educación mediática
1978,Señorío
1979,Segunda mutación consonántica
1980,Disipador
1981,Arrabbiata
1982,Hombre tigre
1983,Reforma (construcción)
1984,Jefe de Gobierno
1985,Pájaro de Saqqara
1986,Producto (mercadotecnia)
1987,Mecanismo de defensa
1988,Estanque
1989,Panteón (mitología)
1990,Arma química
1991,Contabilidad
1992,Estado islámico
1993,Codificador
1994,Entonación
1995,Prefijo binario
1996,Sexo grupal
1997,Menaquinona
1998,Invento
1999,Mortero (utensilio)
